Method,N_Features,Accuracy_Mean,Accuracy_Std,Feature_Ratio
PSO,7,1.0,0.0,0.5384615384615384
lasso,13,0.9862068965517242,0.027586206896551738,1.0
mutual_info,10,0.9790640394088669,0.027713464392187602,0.7692307692307693
f_classif,10,0.9790640394088669,0.027713464392187602,0.7692307692307693
rfe,10,0.9790640394088669,0.027713464392187602,0.7692307692307693
